Microbes	H3003_0	H3003_1	H3003_14	H3003_21b	H3003_28	H3003_3	H3003_7	H3007_0	H3007_1	H3007_14	H3007_21b	H3007_28	H3007_3	H3007_7	H3008_0	H3008_1	H3008_14	H3008_21b	H3008_28	H3008_3	H3008_7	H3012_0	H3012_1	H3012_14	H3012_21b	H3012_28	H3012_3	H3012_7	H3015_0	H3015_1	H3015_14	H3015_21b	H3015_28	H3015_3	H3015_7	H3016_0	H3016_1	H3016_14	H3016_21b	H3016_28	H3016_3	H3016_7	H3034_0	H3034_1	H3034_14	H3034_21b	H3034_28	H3046_0	H3046_1	H3046_14	H3046_21b	H3046_28	H3046_3	H3046_7	H3047_0	H3047_1	H3047_14	H3047_21b	H3047_28	H3047_3	H3047_7	H3052_0	H3052_1	H3052_14	H3052_21b	H3052_28	H3052_3	H3052_7	H3055_0	H3055_1	H3055_14	H3055_21b	H3055_28	H3055_3	H3055_7	H3056_0	H3056_1	H3056_14	H3056_21b	H3056_28	H3056_3	H3056_7	H3204_0	H3204_1	H3204_14	H3204_21b	H3204_28	H3204_3	H3204_7	H5007_0	H5007_1	H5007_14	H5007_21b	H5007_28	H5007_3	H5007_7	H5076_0	H5076_1	H5076_14	H5076_21b	H5076_28	H5076_3	H5076_7	H5103_0	H5103_1	H5103_14	H5103_21b	H5103_28	H5103_3	H5103_7	H5238_0	H5238_1	H5238_14	H5238_21b	H5238_28	H5238_3	H5238_7	H7055_0	H7055_1	H7055_14	H7055_21b	H7055_28	H7055_3	H7055_7	H8003_0	H8003_1	H8003_21b	H8003_3	H8003_7	L3017_0	L3017_1	L3017_14	L3017_21b	L3017_28	L3017_3	L3017_7	L3018_0	L3018_1	L3018_14	L3018_21b	L3018_28	L3018_3	L3018_7	L3025_0	L3025_1	L3025_14	L3025_21b	L3025_28	L3025_3	L3025_7	L3032_0	L3032_1	L3032_14	L3032_21b	L3032_28	L3032_3	L3032_7	L3045_0	L3045_1	L3045_14	L3045_21b	L3045_28	L3045_3	L3045_7	L3051_0	L3051_1	L3051_14	L3051_21b	L3051_28	L3051_3	L3051_7	L5041_0	L5041_1	L5041_14	L5041_21b	L5041_28	L5041_3	L5041_7	L5059_0	L5059_1	L5059_14	L5059_21b	L5059_28	L5059_3	L5059_7	L5065_0	L5065_1	L5065_14	L5065_21b	L5065_28	L5065_3	L5065_7	L5085_0	L5085_1	L5085_14	L5085_21b	L5085_28	L5085_3	L5085_7	L5092_0	L5092_1	L5092_14	L5092_21b	L5092_28	L5092_3	L5092_7	L5114_0	L5114_1	L5114_14	L5114_21b	L5114_28	L5114_3	L5114_7	L7008_0	L7008_1	L7008_14	L7008_21b	L7008_28	L7008_3	L7008_7	L7042_0	L7042_1	L7042_14	L7042_21b	L7042_28	L7042_3	L7042_7	L8011_0	L8011_1	L8011_14	L8011_21b	L8011_28	L8011_3	L8011_7	L8018_0	L8018_1	L8018_14	L8018_21b	L8018_28	L8018_3	L8018_7	L9011_0	L9011_1	L9011_21b	L9011_28	L9011_3	L9011_7	L9030_0	L9030_1	L9030_14	L9030_21b	L9030_28	L9030_3	L9030_7	L9148_0	L9148_1	L9148_14	L9148_21b	L9148_28	L9148_3	L9148_7
Vei_Selenomonas.	6	4	69	65	97	3	43	87	15	81	73	187	26	45	85	46	200	142	199	14	145	35	21	27	23	36	3	37	11	10	48	61	58	6	33	124	30	132	56	113	14	35	65	27	72	106	64	67	5	50	145	165	0	21	58	24	144	83	123	38	54	29	10	56	53	39	33	47	67	67	124	85	132	61	92	32	10	107	87	154	12	54	61	22	66	27	37	8	48	11	0	95	13	127	30	50	30	5	72	61	195	6	58	18	4	13	73	134	25	87	46	7	46	57	51	7	14	17	3	21	77	64	0	4	4	35	101	2	52	56	26	51	153	67	23	18	11	3	8	104	25	0	20	18	22	29	32	69	31	43	36	91	222	65	184	51	92	44	36	117	20	68	40	148	56	15	60	55	23	8	26	57	35	41	58	88	4	48	0	0	16	3	13	0	11	26	4	53	53	66	0	15	40	6	164	121	352	16	68	47	15	69	61	43	0	39	0	0	33	37	15	2	32	14	7	82	100	202	5	37	27	33	56	27	124	37	28	73	63	117	54	190	55	134	59	8	115	65	29	17	61	131	84	60	168	27	131	11	2	17	24	22	8	9	2	0	86	286	122	6	34
Lep_Leptotrichia.	108	228	1388	880	1602	516	1348	968	912	1985	809	1264	1397	1241	475	531	4519	1956	3951	241	3651	2557	1254	2658	2863	3188	1823	4956	279	354	2199	2002	2313	975	1230	1093	392	921	538	797	479	735	1491	1059	1708	2169	578	1796	554	1524	653	1955	1156	3111	128	307	594	326	477	528	772	1785	378	1694	2266	1540	1693	1365	1598	1967	2004	1312	1306	1244	1228	1651	921	1985	1276	1972	839	1570	400	641	716	1455	1471	759	554	633	591	1137	774	809	542	1154	236	201	1061	495	1256	528	857	385	1160	2239	408	1609	584	426	552	634	1694	1579	2586	1088	1128	382	110	1249	1322	1596	497	723	453	204	796	1140	1100	1388	1000	1425	1297	1176	558	793	410	384	473	1882	1263	246	1184	1269	1066	1801	1387	1640	1712	1089	744	724	1383	1806	565	596	650	1290	1376	2365	1221	3486	2418	2680	1373	614	2484	1809	1839	547	1755	866	697	1891	1458	2103	824	1393	75	97	1128	1271	2060	479	2033	1359	226	2648	1073	1704	575	2398	336	98	3152	1230	2503	627	4360	837	501	1629	1703	1878	2090	1656	1275	1079	1352	1082	280	345	1229	289	188	1156	751	1051	1047	2124	369	968	2647	1683	2015	1056	2799	1678	1372	1081	540	973	1212	782	429	466	2382	1076	2309	1182	2730	2779	1951	1737	2404	1292	2037	1040	1527	1280	667	1056	663	2028	99	279	1057	1166	1979	470	805
Pre_Prevotella.	149	158	1568	1011	1067	352	1649	1068	600	1739	1452	1971	777	1476	1335	1371	1700	2376	1564	1473	1487	393	300	270	214	295	317	571	277	351	884	678	991	277	732	847	551	1174	835	1479	499	848	222	185	546	885	593	895	300	646	1584	1155	155	406	2539	1437	2584	724	2029	2132	1694	669	356	974	298	1076	754	1127	1100	1280	925	768	1445	1431	1744	318	163	858	871	796	953	557	707	448	904	399	410	277	1085	176	60	1139	904	1426	668	616	183	300	541	514	1696	136	451	124	111	318	922	1889	333	647	407	247	977	695	781	264	389	275	168	479	1052	620	66	134	145	267	851	85	567	425	395	731	885	1133	637	363	56	49	218	645	101	58	207	249	289	665	314	624	533	651	709	1209	2403	525	2674	995	2764	339	144	656	394	211	204	510	604	401	852	703	428	218	796	1042	539	627	669	592	313	832	28	44	361	85	98	28	224	457	224	1281	1285	854	139	630	290	179	1091	553	1308	259	325	288	119	416	170	220	32	271	106	94	527	430	332	252	572	210	104	751	1130	1042	237	544	194	160	435	428	1110	221	261	720	878	1332	956	1749	910	944	276	401	1407	328	341	979	963	2145	1996	950	1983	1598	2472	230	75	359	602	326	227	246	256	241	1130	1065	866	225	577
Act_Actinomyces.	247	93	162	20	65	20	94	203	117	64	32	52	60	64	889	329	505	143	250	212	312	245	136	38	69	57	69	137	528	307	48	20	29	61	191	97	109	167	56	97	62	75	229	39	67	35	34	127	60	117	61	125	99	214	208	147	164	38	48	162	189	86	69	54	48	39	96	83	80	90	245	132	111	116	51	379	231	156	185	222	157	205	928	758	374	203	692	723	605	136	17	75	35	143	150	125	1744	830	252	225	191	1046	764	51	22	38	30	227	102	253	724	143	19	15	40	175	48	1152	138	29	18	16	47	58	159	54	20	10	37	62	59	114	145	91	102	55	207	171	131	121	103	286	151	108	206	31	72	34	110	120	285	85	95	85	82	35	70	181	170	124	73	68	99	375	249	134	112	114	78	192	188	364	296	27	16	65	34	185	739	238	108	93	27	65	101	155	60	317	21	46	24	63	2822	921	100	166	66	155	583	1073	360	241	154	147	43	112	72	38	42	88	64	21	148	366	162	45	69	55	37	147	252	153	58	46	73	73	73	125	73	48	11	35	127	111	729	152	103	174	169	110	76	155	81	42	32	37	146	22	13	32	6	22	34	17	425	105	78	67	78	56	99
Act_Actinomycetaceae_Group.	4	0	9	8	17	0	7	18	8	4	8	5	9	4	14	22	20	9	17	3	16	28	19	13	56	31	3	6	51	43	17	25	11	20	29	31	12	40	37	34	13	22	53	17	39	26	13	47	7	11	18	44	0	0	8	5	34	42	16	15	33	13	29	18	16	15	36	40	33	32	26	22	33	31	17	125	36	87	163	61	49	41	39	34	25	76	76	41	9	15	14	8	44	7	48	22	72	21	21	86	57	25	25	7	6	16	19	19	15	12	18	15	6	5	10	4	9	33	7	24	44	33	0	5	0	0	0	0	0	126	140	52	165	59	75	38	102	56	62	237	74	37	71	39	31	32	130	48	52	49	148	77	71	257	15	121	97	64	55	49	31	40	52	170	72	72	72	43	48	40	79	21	38	9	10	22	12	27	41	14	45	98	96	16	31	82	23	48	26	33	3	21	140	90	204	171	395	146	147	53	19	288	130	279	7	96	16	7	14	29	13	7	33	79	27	12	26	10	17	37	66	57	22	52	26	54	31	26	27	16	8	7	12	4	147	46	16	65	44	29	30	31	27	51	20	19	56	8	3	8	2	6	4	3	15	6	10	17	9	6	11
Nei_Neisseria.	713	662	687	181	778	646	221	580	599	214	101	224	321	218	217	1074	59	116	57	1983	178	764	816	1091	402	544	496	177	797	984	467	411	619	644	859	597	1548	522	1213	505	1373	631	1310	771	512	246	1470	460	2554	133	395	88	1617	157	144	586	78	534	47	352	149	544	2361	1019	879	964	1554	1475	682	1062	379	44	651	587	138	431	235	268	273	267	793	436	308	755	750	686	785	1186	841	1132	699	98	750	50	1116	463	48	341	379	142	34	646	1220	517	271	201	1119	255	1120	287	253	328	465	1248	936	287	596	746	800	861	1234	1251	570	387	975	1791	232	452	659	959	1430	754	359	968	1093	356	575	788	1719	1154	1302	1220	1507	454	585	379	860	327	401	1457	1314	1056	255	1060	560	1419	352	556	578	429	1231	406	262	96	525	654	875	841	1315	770	762	360	935	951	969	2143	1375	700	718	759	684	1477	821	1392	741	1435	1565	564	585	1150	1170	533	1029	1313	372	1137	446	1912	379	910	976	574	773	755	325	610	480	442	1449	1228	2231	1185	1085	661	1056	1279	1098	533	566	463	1994	2370	326	390	323	1908	414	1691	1974	168	1425	165	1112	355	136	355	197	261	215	757	283	35	606	1630	230	611	235	1225	599	1602	980	1647	2165	544	166	402	730	439	955	428	452
Bur_Lautropia.	680	682	140	58	79	905	193	301	123	10	18	14	74	51	104	49	4	5	0	24	31	47	71	40	24	10	36	15	499	438	49	49	7	242	111	63	170	99	257	43	171	276	359	238	146	59	56	40	29	20	36	27	39	15	54	117	3	58	4	51	32	148	258	19	27	12	131	74	46	65	10	6	50	68	19	373	220	18	35	9	330	85	424	198	162	160	39	314	351	242	194	35	55	3	214	171	47	99	37	43	5	214	121	91	27	87	76	37	140	59	529	126	52	103	15	319	199	276	169	58	47	38	154	162	603	118	32	244	335	28	52	20	10	13	65	14	499	458	124	92	139	461	169	42	127	24	147	26	42	131	341	124	14	45	9	96	28	55	76	81	203	48	47	112	831	522	52	255	282	690	199	97	95	16	31	10	87	50	1122	565	136	425	79	538	248	80	171	18	10	19	65	54	504	405	18	242	0	258	116	659	1107	153	107	151	210	393	174	89	64	86	69	136	85	466	567	80	60	25	974	426	456	264	36	62	3	152	117	32	13	32	7	7	8	86	257	333	26	124	215	75	64	34	18	8	0	71	18	57	14	24	24	19	35	26	150	199	36	16	22	170	58
Car_Cardiobacterium.	70	25	167	37	154	18	94	88	145	24	32	20	56	27	129	75	28	37	58	14	36	42	46	58	108	57	32	33	159	93	10	38	10	43	18	62	57	42	61	54	34	31	140	48	76	206	60	115	23	40	78	103	21	52	47	76	26	91	10	77	40	104	44	48	40	65	101	43	97	116	69	35	89	74	61	82	104	40	130	100	90	88	435	264	389	337	497	431	245	144	154	28	26	27	65	80	211	115	185	390	103	147	177	17	13	28	28	31	86	27	163	60	36	48	13	46	23	193	27	65	75	30	16	40	108	44	34	8	19	69	84	49	86	55	43	38	442	189	93	197	108	97	53	117	229	109	213	110	61	40	176	54	33	84	18	39	44	354	344	110	76	280	129	333	91	82	47	74	57	28	35	271	287	56	42	44	74	48	119	39	108	147	117	31	76	58	10	29	28	10	6	9	91	19	241	127	26	27	41	346	149	266	316	92	29	52	57	21	31	79	31	0	25	396	202	56	108	33	91	26	286	133	55	187	62	91	54	106	67	24	8	4	39	23	110	63	34	56	15	27	37	25	6	53	0	14	6	23	0	15	20	21	4	9	272	136	35	100	47	94	34
Lac_Lachnoanaerobaculum.	3	8	28	34	47	18	43	54	27	29	25	17	54	30	32	23	50	38	60	27	73	46	31	41	45	71	84	56	22	26	27	37	26	44	41	36	14	19	15	27	19	25	21	17	16	45	23	57	33	29	38	53	51	22	7	6	28	8	21	14	34	31	11	27	17	30	31	37	31	34	46	63	16	35	29	88	88	112	68	102	72	132	36	31	55	52	51	41	28	14	10	62	34	44	33	15	8	22	24	16	60	20	48	16	13	11	20	52	12	24	33	64	31	30	31	68	30	9	22	13	16	26	32	7	23	12	19	75	61	46	40	28	51	30	31	15	22	61	48	89	66	48	70	17	22	27	16	46	35	24	13	16	18	22	18	23	18	55	56	70	40	50	61	96	39	28	37	56	27	28	61	38	32	20	33	44	45	33	0	8	56	10	18	25	20	62	32	63	33	48	115	68	12	11	48	14	67	46	31	27	23	51	45	31	15	31	30	15	22	35	28	29	20	14	23	22	22	28	32	25	11	25	25	15	48	48	50	66	85	12	27	9	60	18	63	28	81	87	123	82	84	68	110	29	69	91	122	15	42	26	7	12	46	39	6	22	25	46	39	34	31
Por_Porphyromonas.	153	150	772	1499	482	395	1162	1155	1396	698	2111	732	1437	905	336	1049	194	648	221	2092	183	586	429	530	723	710	741	234	150	344	278	450	403	892	386	702	722	433	526	609	644	821	187	597	690	244	816	313	287	509	839	430	313	408	748	541	673	1455	1061	536	1271	366	826	420	510	444	408	684	480	583	485	1196	436	767	401	202	649	546	730	841	287	850	200	343	367	387	135	305	286	285	221	580	733	525	551	430	85	169	1286	425	794	265	1035	165	205	184	908	384	1166	656	481	1078	1011	559	536	1625	1049	76	299	806	283	707	491	387	53	235	696	293	658	507	393	281	624	376	443	738	189	367	1054	491	482	466	1222	203	788	415	437	518	737	703	262	697	924	720	590	1254	657	726	715	947	1396	112	1335	354	29	353	228	299	314	518	822	970	309	267	604	355	514	280	49	26	883	166	283	345	575	1151	745	665	1414	515	1185	1408	91	1888	251	451	26	1698	99	458	476	646	644	465	158	337	128	254	523	966	588	1133	1234	159	343	688	503	837	1305	902	350	325	170	87	322	767	216	397	444	416	1130	558	331	287	73	333	378	215	542	629	707	436	414	654	393	751	342	1109	1469	1140	996	1086	1862	507	88	562	1314	190	677	2116	2107
Fus_Fusobacterium.	213	241	726	957	723	440	1119	1075	901	946	545	973	1186	1228	780	743	174	470	267	573	407	192	183	286	315	347	338	253	731	411	799	917	826	531	734	665	437	664	472	613	340	705	299	812	542	493	249	1087	972	1211	632	740	733	1002	1211	1098	1038	840	1385	1535	940	820	345	526	376	800	524	635	354	506	327	214	578	442	677	366	556	651	658	624	291	404	627	529	788	546	560	514	582	221	579	708	502	630	458	457	361	428	761	762	786	317	581	1133	1409	895	771	500	638	291	417	539	524	315	354	693	531	278	328	358	270	314	454	404	590	236	264	1309	997	551	482	626	547	773	665	933	225	374	499	446	853	330	638	363	342	433	128	344	647	354	181	327	433	336	361	467	459	352	583	651	475	382	876	525	215	478	377	313	418	400	514	727	542	391	713	429	764	459	60	66	1532	210	666	145	420	635	290	592	1157	950	486	568	139	183	345	367	544	451	76	330	370	513	356	468	480	992	521	508	578	427	219	357	333	207	276	507	790	554	370	527	309	287	620	475	569	392	409	923	1012	1133	1127	926	996	641	268	243	374	225	276	350	354	539	626	565	478	791	632	475	1170	354	518	301	332	1356	390	731	862	862	560	1317	1065
Tis_Parvimonas.	13	4	13	19	1	10	13	45	19	30	26	21	20	26	0	0	1	6	4	0	0	0	0	0	4	0	0	0	13	8	1	11	14	3	3	5	7	6	11	9	3	6	2	5	3	10	2	12	17	31	21	19	3	15	86	100	55	62	54	52	59	7	3	10	4	19	10	11	8	6	7	13	19	4	8	19	3	7	33	6	7	8	11	14	27	7	5	5	33	8	21	36	8	33	18	28	0	0	2	7	1	2	0	57	33	42	46	16	34	13	9	1	3	2	3	1	2	3	0	2	7	2	0	0	5	3	9	1	4	17	20	32	21	29	30	49	0	0	0	0	0	0	0	2	4	3	0	1	8	2	3	3	14	5	4	10	8	10	10	14	12	11	7	23	0	0	1	0	2	0	0	36	6	3	3	4	4	5	0	0	9	1	3	1	1	2	3	13	11	8	0	4	2	4	0	5	0	2	2	2	1	1	1	3	1	4	1	3	5	6	2	0	4	3	1	2	15	9	0	3	3	2	22	22	12	3	8	21	22	12	13	25	10	2	20	4	15	8	1	7	8	19	11	6	15	12	13	1	0	0	3	1	1	2	3	5	2	2	2	11	5
Lac_Johnsonella.	5	2	36	33	18	4	39	35	32	31	29	23	41	29	8	8	8	20	15	2	9	2	3	6	8	7	0	4	4	5	9	7	7	7	10	11	5	10	6	10	4	7	5	3	16	14	12	18	10	11	21	21	4	11	16	12	20	32	26	6	13	11	5	5	10	13	12	10	20	24	17	20	12	23	20	6	7	16	36	18	2	11	27	31	53	44	31	32	29	7	3	18	17	10	14	18	6	4	13	32	24	7	23	8	9	6	35	45	48	27	14	9	16	11	8	17	14	8	0	6	5	8	2	4	4	5	7	3	28	13	8	12	16	12	4	11	3	3	12	7	14	3	9	3	7	5	12	17	10	9	10	10	19	17	10	20	30	18	18	33	9	25	16	48	5	7	6	12	12	4	15	38	10	10	9	10	4	10	0	0	20	2	8	0	4	5	2	9	9	8	0	9	3	0	2	2	5	2	0	8	3	26	16	23	2	24	2	4	13	18	15	3	17	5	2	9	16	16	5	8	9	7	6	3	20	14	5	33	32	25	21	33	38	33	10	3	16	5	6	10	17	13	13	17	16	18	14	19	0	10	57	13	2	4	6	4	23	33	40	18	39
Str_Streptococcus.	953	604	428	142	521	262	417	381	785	169	101	246	390	403	603	455	300	326	124	1261	582	639	1713	160	494	322	470	517	963	909	101	119	125	227	424	190	1233	486	421	364	1938	794	640	262	213	143	146	507	910	201	119	245	998	500	703	649	429	273	207	372	579	170	801	126	75	124	474	482	96	201	432	156	341	225	149	993	528	705	354	479	649	532	256	580	249	233	408	308	631	578	56	148	197	475	622	306	429	550	116	156	101	649	455	77	138	111	100	631	299	433	457	372	130	180	215	255	165	676	562	147	127	149	424	370	90	710	108	156	568	494	660	414	230	306	639	373	484	697	501	266	506	877	865	136	428	174	307	204	326	309	490	267	102	240	181	273	246	338	526	200	819	92	575	534	1070	759	369	892	457	1233	518	288	343	102	113	107	190	336	866	511	350	653	205	486	366	296	343	715	251	235	357	418	615	341	246	184	130	520	367	364	496	211	198	316	55	158	83	246	157	334	400	487	619	382	421	113	100	59	252	340	706	603	62	128	103	498	108	330	270	143	108	196	426	111	1022	1211	254	802	291	1288	538	334	654	104	94	260	202	542	253	458	144	273	662	146	314	293	156	124	157	249	277
Cor_Corynebacterium.	55	34	118	45	105	19	45	112	78	105	40	39	92	64	62	79	92	44	98	20	58	145	76	38	146	102	36	44	96	36	7	22	11	12	16	133	78	46	119	76	35	62	137	49	86	52	41	198	32	40	55	73	12	39	10	10	90	74	29	12	102	31	34	22	42	27	44	40	71	48	71	24	84	72	24	266	100	194	262	151	90	113	200	191	231	320	441	342	107	34	37	12	16	11	40	46	96	126	91	206	125	127	116	22	19	36	49	53	41	36	122	75	45	58	47	63	27	41	11	41	38	42	2	13	75	19	16	9	13	80	84	51	114	43	45	23	350	151	132	168	191	162	63	47	88	72	246	178	82	69	144	41	39	133	9	60	37	224	183	157	117	153	165	451	181	145	70	84	95	51	71	208	333	92	61	169	138	237	425	250	71	159	73	44	54	128	41	63	35	47	11	31	62	35	9	31	5	27	28	116	41	201	152	190	33	84	367	114	70	158	54	28	108	498	212	89	100	54	77	196	135	166	37	40	42	114	35	44	54	86	18	17	27	8	344	141	91	245	119	131	138	15	14	32	10	15	13	59	26	41	25	44	19	30	334	88	136	152	173	80	106
Fla_Capnocytophaga.	2955	4753	1611	1426	2014	5196	1937	1319	1947	446	500	734	1477	803	2162	2125	479	495	489	652	562	2018	2085	3193	3420	2536	4222	1294	1915	2826	1100	1538	638	2124	1811	1597	2122	1732	1388	1491	2156	2145	2998	4142	2357	1823	2237	1754	2058	2105	978	1261	3172	2037	773	2513	1062	1109	397	1489	1282	1487	2262	1241	1543	1224	2147	1361	2224	1657	1298	689	1616	2083	1057	2598	3802	1653	1145	1126	3499	2610	1781	1979	2072	2310	2444	2773	2374	2425	4254	278	892	226	1188	595	1366	3055	2524	2432	1524	3766	2405	5722	5440	2938	1250	479	1794	2862	2325	3371	1027	1582	929	2323	1833	2900	3892	2090	2146	1853	2619	3496	4079	3036	582	3680	2327	1811	2933	770	975	1320	2782	2611	2609	2654	1718	1524	2431	2207	1302	2571	2986	2239	2650	1274	1823	1760	2455	2481	675	1618	749	2039	924	3006	3473	1423	2006	2315	1835	1317	1883	3025	1522	1671	2218	2485	1192	1729	3114	1262	1692	1322	4531	1750	2165	4187	2634	3341	3750	5193	3509	2507	4185	575	1030	1693	3423	1162	1214	2455	650	2035	1058	2340	894	2407	3852	2418	2563	2934	5328	2866	4831	5390	1972	1301	2191	1209	1129	2636	4429	1681	1812	1076	2279	1731	2869	2839	1597	2645	711	1936	2312	1328	1321	1218	970	850	2021	2349	1065	2280	619	852	1621	1740	970	610	769	1419	495	2042	698	2647	3420	1401	1673	2004	1418	2818	3824	4537	1714	2226	1438	2846	2027
Pas_Haemophilus.	1288	1280	53	129	298	124	13	139	303	18	7	15	137	32	407	463	6	14	14	338	26	249	1105	27	103	18	159	8	1371	1095	35	58	36	233	48	48	230	52	30	74	180	125	303	289	51	11	292	226	659	15	20	27	252	31	319	125	4	19	0	18	4	184	964	133	15	83	129	207	27	84	36	2	39	146	28	25	296	112	46	89	410	226	187	381	73	211	32	68	156	823	169	20	172	39	294	55	798	1367	98	46	24	529	60	147	85	32	72	44	108	112	1133	965	39	144	100	218	51	650	1398	112	76	99	628	356	173	1312	18	176	72	106	291	75	32	130	229	137	766	1301	326	59	191	1540	606	11	172	22	24	21	34	25	238	84	9	17	7	51	4	34	30	20	97	2	59	8	1054	1353	309	781	474	1152	533	388	1034	42	120	76	121	52	1222	915	66	428	40	288	70	276	655	278	82	223	110	312	237	325	14	133	4	108	10	309	510	33	54	136	58	45	160	295	189	220	509	537	193	989	487	21	145	49	185	23	305	113	3	9	19	82	8	248	89	13	209	12	81	22	638	1419	28	92	108	404	66	56	341	87	13	76	51	1254	470	897	507	635	1367	341	916	1090	40	32	38	96	47
Pas_Aggregatibacter.	10	16	44	42	72	13	29	84	163	64	14	34	113	69	34	37	15	21	33	7	7	48	47	41	30	89	25	27	45	17	34	29	35	83	33	92	289	123	90	180	116	131	31	50	40	19	198	43	19	35	37	82	16	17	31	31	28	53	10	22	17	15	54	27	16	31	30	40	75	94	34	1	35	100	22	1	12	95	119	143	14	77	10	21	23	74	19	15	15	15	9	37	79	123	78	40	0	0	173	22	61	3	40	12	12	26	68	69	136	147	16	44	54	163	55	38	110	22	12	182	192	209	9	37	3	17	40	13	33	74	54	21	82	33	28	38	11	12	68	54	33	15	41	29	70	72	66	53	53	76	407	193	25	51	20	226	37	122	141	29	57	24	116	23	24	106	112	111	93	57	96	115	144	31	80	144	65	26	0	1	42	77	72	45	97	103	22	36	81	72	13	71	6	5	76	42	21	45	31	41	17	61	33	110	4	38	8	8	166	89	217	92	165	27	43	89	265	125	102	100	54	75	17	8	40	42	41	99	98	27	69	37	62	10	19	44	59	13	41	74	136	16	66	91	37	37	35	40	11	61	65	107	20	5	45	70	211	94	172	251	289
Vei_Veillonella.	74	102	130	4	42	60	358	173	152	76	38	163	181	128	1273	648	264	260	149	671	1110	226	559	36	44	49	472	226	232	351	132	93	105	165	410	92	255	309	41	160	431	650	138	61	34	5	9	120	149	78	54	56	228	357	100	137	128	20	59	162	211	68	61	73	8	34	52	107	17	38	41	1	78	140	75	350	452	450	79	387	307	429	366	413	99	32	10	125	269	42	3	87	102	81	204	71	2162	903	406	43	257	279	696	24	29	13	6	347	105	67	263	202	134	33	164	498	453	251	234	68	14	68	138	128	48	37	54	13	96	35	59	81	27	41	209	146	41	123	186	102	95	80	145	53	72	127	22	72	115	169	17	16	49	3	20	54	115	22	49	137	31	9	140	288	321	154	184	200	127	602	429	80	130	112	60	80	72	250	56	88	200	21	69	76	158	212	389	658	66	130	174	348	266	750	172	238	106	392	427	32	123	26	36	30	32	155	3	18	74	56	204	98	293	48	81	128	40	95	120	200	106	89	59	26	40	230	91	191	106	127	33	86	209	139	524	658	192	788	542	642	321	191	310	52	17	117	115	11	13	89	7	50	108	20	85	197	139	21	73	244	199
Pep_Peptoclostridium.	5	4	18	17	8	6	38	44	41	42	35	38	52	51	10	13	12	30	11	9	13	4	4	2	3	6	3	4	44	22	28	17	31	11	18	17	20	12	13	21	15	19	7	10	14	19	20	18	18	15	28	28	7	22	129	62	44	27	44	80	50	15	20	18	15	33	22	22	39	62	55	37	18	44	63	17	49	19	16	13	16	21	12	18	17	15	5	22	29	15	7	25	21	40	31	26	3	4	6	11	10	1	7	7	4	8	30	43	31	16	22	12	16	11	13	29	24	28	10	13	24	16	6	13	9	10	19	2	27	8	7	11	11	17	9	11	3	7	13	7	11	5	8	3	14	10	5	6	11	14	32	21	54	5	39	28	37	6	8	7	5	5	7	11	3	3	4	2	7	3	5	18	10	8	10	8	7	9	0	0	23	2	8	0	5	3	4	24	23	19	0	8	5	4	6	15	5	7	3	4	2	7	4	3	0	6	5	4	17	11	7	7	21	2	1	16	25	14	2	5	11	2	4	6	35	7	6	44	61	43	33	53	14	10	12	6	11	6	6	8	12	163	73	15	88	45	90	6	1	3	4	4	2	3	1	3	3	7	1	3	10
Unclassified	43	18	305	473	125	124	234	133	140	542	328	480	311	586	45	182	178	197	225	51	65	151	31	312	148	327	36	272	68	184	432	212	417	461	482	505	299	275	256	274	268	233	217	391	633	226	785	191	79	461	281	445	99	176	31	26	50	113	163	54	81	122	286	509	185	423	269	323	290	309	392	427	651	289	461	80	25	293	429	465	16	166	95	89	237	149	185	212	118	385	1319	683	636	604	514	492	39	38	465	165	268	104	159	92	248	250	500	264	962	362	40	368	528	311	388	422	852	90	356	1074	169	654	1694	917	415	376	593	1036	507	710	379	796	821	556	404	741	65	140	415	377	353	169	318	773	303	299	311	520	166	308	68	236	248	178	339	268	274	497	182	268	285	113	290	153	24	93	484	160	271	127	324	173	57	1372	532	344	133	1148	16	34	321	95	209	245	158	104	78	89	180	171	940	145	59	56	120	251	48	230	388	117	92	340	190	269	526	428	174	204	614	455	800	1081	954	90	253	709	355	720	1404	508	223	576	971	660	385	891	865	255	453	527	287	501	378	850	48	73	524	253	1229	225	514	64	51	186	176	377	157	180	244	473	356	422	195	434	59	153	562	286	805	461	505
Cam_Campylobacter.	39	31	236	182	468	64	166	269	99	194	106	178	146	112	290	161	327	208	300	49	276	69	47	146	79	80	71	109	56	99	161	266	252	46	149	316	167	581	296	384	172	251	104	120	142	287	162	173	61	286	301	179	34	125	50	65	199	146	105	57	169	119	93	245	448	262	189	113	112	105	264	104	138	141	130	200	211	296	318	184	114	341	330	149	289	105	236	103	203	74	79	191	199	205	213	262	421	43	278	214	546	57	176	261	120	311	707	451	248	423	188	167	196	195	225	176	210	65	20	121	236	124	33	101	158	61	121	52	237	157	156	149	186	216	137	137	60	14	94	189	102	15	66	158	93	124	86	142	150	166	58	146	117	235	285	119	137	453	473	323	184	818	165	239	118	126	254	156	121	43	150	258	165	95	190	149	168	130	8	8	170	71	110	14	94	116	30	158	299	395	77	106	54	79	171	353	259	128	184	85	50	131	251	176	87	224	123	55	161	84	21	42	117	77	49	284	205	317	132	268	117	156	151	141	192	123	142	213	149	256	138	371	303	347	206	65	201	278	68	76	255	94	189	341	334	160	185	53	53	91	179	160	48	125	74	38	301	370	251	138	206
Spi_Treponema.	246	25	193	646	100	63	139	326	216	328	681	389	103	263	20	18	48	141	120	7	18	8	0	3	11	14	0	0	34	22	71	159	115	16	18	96	47	102	117	192	34	57	27	14	114	237	135	107	57	127	474	149	0	28	504	315	408	731	921	276	342	64	15	59	78	80	37	40	285	118	264	540	120	164	292	26	0	22	315	41	4	23	163	164	186	129	81	42	106	37	11	239	218	328	40	111	10	0	17	135	63	15	5	73	18	72	345	65	19	77	38	6	55	71	36	4	23	79	15	75	209	63	0	12	23	30	212	0	40	57	56	182	229	210	61	81	0	0	0	14	0	0	0	18	19	26	26	17	24	23	162	201	669	326	502	253	552	9	16	71	25	22	7	69	0	7	28	4	10	0	7	218	48	73	83	77	15	38	0	0	14	9	18	0	0	27	14	43	299	65	9	42	15	8	8	57	43	6	0	8	0	9	10	8	0	7	4	14	67	56	22	4	52	14	8	60	237	176	2	20	42	8	107	97	310	11	15	86	153	282	212	468	124	286	71	6	31	16	6	3	19	312	169	201	657	151	257	25	0	18	378	61	5	9	31	10	24	114	14	6	20
Rs__Rs_045_Group.	0	0	0	100	0	0	13	34	0	20	106	12	15	10	13	10	9	441	100	4	11	0	0	0	0	0	0	0	157	50	0	316	36	24	14	127	8	22	172	46	0	10	6	6	31	400	16	85	10	56	345	131	0	11	88	93	105	328	184	52	104	311	16	194	472	191	52	82	354	170	145	930	165	96	498	6	0	10	93	41	0	6	185	87	45	122	162	17	6	0	0	0	7	16	0	0	18	13	6	622	16	73	0	0	0	0	0	0	0	0	329	27	27	108	17	0	4	0	0	0	186	0	0	0	23	4	184	0	0	91	14	85	852	290	39	77	0	0	0	0	0	0	0	0	0	6	32	12	6	0	8	8	10	271	12	23	22	50	6	20	99	158	6	31	0	0	0	61	0	0	0	46	6	0	102	8	6	0	0	0	0	18	0	0	0	16	12	0	131	46	0	13	34	0	0	71	4	0	8	0	0	0	72	0	0	0	20	14	19	85	0	0	8	10	0	7	133	15	0	0	64	15	63	941	399	13	35	6	29	16	417	10	20	78	110	13	43	154	21	17	24	87	11	65	83	0	4	12	0	17	76	43	0	17	6	0	0	59	6	0	0
Car_Granulicatella.	48	88	17	12	37	70	47	59	92	23	10	23	78	38	24	33	14	19	6	58	65	48	202	22	46	87	71	48	14	32	20	12	21	58	66	9	89	29	26	25	86	61	20	20	17	0	31	10	83	16	12	20	52	43	9	27	7	8	3	10	20	6	57	21	5	21	43	65	3	8	4	2	20	7	5	45	53	30	77	44	57	70	7	38	14	9	7	23	42	45	24	3	16	4	62	20	22	82	32	11	12	31	60	11	24	18	19	27	42	32	13	48	14	15	48	31	31	10	30	47	3	41	58	73	3	30	6	22	50	47	48	40	36	19	44	58	43	137	173	57	114	111	155	6	62	17	37	12	37	33	11	23	4	25	4	53	8	13	28	28	110	9	37	61	79	121	70	149	78	120	100	6	12	7	18	11	14	27	22	83	57	23	23	48	66	21	92	107	15	32	104	66	30	96	22	30	12	62	34	30	46	42	17	64	16	60	5	28	38	37	58	79	101	10	47	49	9	25	53	57	48	60	6	5	4	48	9	20	21	13	37	8	39	23	15	126	8	131	94	85	19	4	18	8	5	18	5	44	63	95	22	43	115	37	6	51	39	6	53	120	88
Por_Tannerella.	8	3	48	80	40	5	21	118	46	148	141	72	84	69	24	16	57	48	71	2	21	17	9	56	35	67	9	30	20	10	23	52	27	12	24	58	16	29	27	28	8	21	13	11	34	60	9	132	14	38	140	103	14	149	30	11	44	297	49	19	23	26	6	20	55	27	13	21	21	22	24	79	27	20	17	65	27	130	177	163	20	72	60	48	132	104	169	67	75	19	16	47	24	41	8	40	6	3	17	44	81	5	22	6	0	4	39	30	10	16	16	5	20	24	17	9	11	13	0	12	26	21	0	4	7	2	31	0	24	15	20	35	93	32	10	19	9	2	34	111	35	4	33	181	54	90	29	63	214	77	8	30	49	106	20	22	41	154	79	127	58	136	179	175	15	8	30	21	17	3	25	74	25	17	24	20	8	15	0	0	47	17	46	0	7	44	4	36	37	19	2	30	54	2	29	36	172	3	7	47	10	82	74	61	9	67	7	2	22	32	20	0	24	12	2	22	41	31	4	22	27	37	51	74	28	27	46	51	35	25	31	20	10	4	45	10	37	21	0	7	49	42	31	79	37	16	25	12	0	20	40	11	2	2	3	4	39	57	44	9	34
Por_Paludibacter.	8	2	21	99	53	4	6	102	61	195	99	151	101	110	4	7	12	53	35	0	6	18	4	34	20	26	3	12	245	37	569	473	451	32	72	134	31	64	124	140	18	39	13	13	73	93	56	83	18	44	198	72	0	17	8	5	7	54	30	7	5	195	11	87	174	226	41	31	113	167	157	129	36	109	187	21	8	10	114	18	7	11	114	123	168	168	73	77	44	27	21	215	59	131	34	140	4	3	3	114	8	0	0	0	0	11	70	58	2	4	34	10	78	74	93	6	24	116	2	126	186	172	4	20	280	21	179	2	68	16	11	38	58	42	6	6	4	0	5	25	13	0	3	6	2	28	8	60	7	24	10	42	84	84	37	24	48	55	31	54	18	78	31	27	3	11	58	38	47	0	5	28	17	45	63	58	9	5	0	0	17	16	21	0	4	22	6	45	66	244	6	51	19	2	600	36	438	2	7	20	5	53	25	18	0	27	15	3	81	44	48	5	29	29	3	214	81	313	6	19	47	9	90	92	201	5	27	195	100	224	104	247	52	101	58	11	22	17	4	3	12	62	61	92	121	15	69	41	0	48	166	47	6	10	15	10	39	170	66	4	25
Sta_Staphylococcus.	35	20	7	6	8	5	9	12	33	4	0	7	36	22	7	27	6	4	0	16	12	48	351	28	35	108	108	47	6	8	3	2	7	5	14	2	17	25	6	10	32	21	43	23	26	3	29	3	12	10	0	4	42	11	2	6	2	0	2	5	9	0	10	2	0	5	5	9	0	2	2	0	8	0	0	56	18	28	3	20	94	57	7	22	7	33	3	5	16	47	4	1	10	0	44	12	3	6	0	0	0	4	3	2	8	6	6	18	10	7	0	4	7	11	75	8	29	13	20	33	2	22	36	83	0	15	2	3	73	20	16	42	3	8	33	29	10	58	91	20	50	52	56	0	8	8	3	4	7	17	5	2	0	0	0	2	1	2	6	6	69	3	14	13	6	10	17	16	22	31	20	2	3	1	2	2	0	2	23	10	23	9	8	27	37	3	11	53	13	11	35	34	1	3	11	0	10	18	13	2	4	9	1	31	3	72	0	12	18	21	12	81	75	2	0	8	2	7	0	3	15	9	0	2	0	15	2	8	7	0	0	0	23	0	22	49	9	10	26	46	21	0	11	0	0	4	0	21	15	37	10	16	78	9	10	12	5	2	23	9	9
Fla_Bergeyella.	40	32	28	35	60	22	14	28	37	8	13	15	69	27	32	42	3	11	5	7	3	17	22	16	13	8	22	14	56	46	7	31	15	29	13	34	151	48	146	21	31	37	38	63	41	64	239	40	56	9	7	17	22	9	9	21	2	7	5	7	7	29	86	36	16	44	64	35	26	48	42	2	56	29	12	31	41	10	10	4	13	9	9	15	13	134	12	27	54	150	48	26	86	25	94	76	16	12	18	49	8	27	4	33	9	13	132	33	10	6	41	97	30	296	39	121	104	51	56	304	66	79	26	140	19	127	16	26	36	23	28	18	12	35	15	18	81	96	31	9	25	99	68	13	62	21	27	18	18	20	48	52	11	24	6	66	5	12	21	3	31	7	16	2	55	49	27	50	34	116	54	26	38	19	23	21	18	13	180	65	29	44	26	40	42	26	37	18	22	36	18	18	131	65	34	52	21	32	10	82	61	31	38	38	6	59	21	9	81	47	24	196	56	107	110	26	74	24	38	19	38	26	13	28	10	58	22	57	33	22	50	51	30	10	17	50	7	8	11	22	20	8	26	24	8	30	11	58	26	46	120	35	35	26	29	25	20	7	26	11	10
Nei_Eikenella.	20	13	21	21	22	23	46	43	39	12	11	15	32	21	36	37	4	8	7	12	6	17	9	20	21	13	11	4	23	14	8	7	0	3	10	20	46	25	87	18	32	22	16	12	10	26	19	53	26	44	30	30	31	24	11	22	22	26	4	25	31	32	48	7	12	9	28	17	6	8	10	5	32	9	7	40	58	18	47	30	78	38	32	45	43	53	49	91	76	35	19	21	9	21	41	51	30	27	43	98	39	45	45	6	6	16	27	19	29	23	8	10	6	25	5	9	18	51	31	22	19	11	21	33	11	23	8	6	18	9	13	6	8	8	8	6	36	23	40	64	23	34	38	36	81	53	60	29	62	70	26	21	5	10	7	14	14	24	30	43	30	44	18	40	27	25	12	14	12	26	11	20	27	4	6	5	16	9	26	22	42	49	37	69	45	16	11	3	7	11	4	4	12	21	544	26	67	20	7	38	17	57	21	25	8	31	7	8	14	22	16	10	13	31	25	39	57	22	172	69	53	38	6	15	2	22	21	11	14	5	10	7	9	69	21	17	8	9	31	17	18	10	12	23	8	12	4	24	0	10	27	11	8	0	180	99	71	26	39	83	88
Gem_Gemella.	5	5	13	17	43	4	27	56	76	26	9	23	79	44	11	19	3	23	6	31	18	30	54	8	15	28	14	14	25	37	9	3	8	22	17	12	20	15	4	22	14	15	5	5	5	5	5	9	55	14	8	14	31	8	4	7	7	4	2	6	5	7	29	9	0	13	9	17	5	16	8	10	15	21	6	5	11	20	6	24	8	19	2	14	8	14	3	15	29	35	9	35	18	66	42	32	7	35	27	8	14	12	29	3	7	14	12	35	29	30	36	96	22	4	13	155	48	31	77	11	2	8	33	14	5	37	7	12	48	30	32	10	6	9	35	58	13	125	80	17	30	40	125	9	68	6	5	10	45	21	10	12	0	2	5	21	9	27	43	13	41	3	101	19	25	28	30	35	50	54	47	10	7	0	4	5	5	6	50	55	30	11	6	5	12	4	20	22	4	6	10	8	2	31	0	4	0	29	10	25	28	36	8	74	5	35	4	15	19	27	22	41	46	6	20	8	3	8	21	18	11	7	3	2	8	29	3	7	12	10	10	10	24	17	20	159	10	18	32	70	22	7	66	13	7	25	12	9	20	11	3	6	15	7	11	68	20	3	13	88	30
Par_Prevotella.	18	34	32	229	31	17	9	18	24	37	26	80	137	77	56	55	39	96	49	38	40	10	8	12	10	33	12	18	67	59	108	102	141	244	104	208	111	285	270	308	89	175	19	47	82	70	59	59	59	66	130	90	22	36	19	47	85	44	156	29	95	63	56	73	10	47	29	44	150	66	197	50	64	130	177	3	0	12	98	74	3	9	86	85	88	44	46	33	163	190	28	284	131	277	87	98	4	12	18	83	38	30	34	35	13	54	204	123	170	64	26	43	65	99	86	37	24	29	121	194	74	42	192	149	8	18	63	49	115	51	46	321	60	215	94	131	6	66	70	23	22	26	139	3	10	24	17	42	22	33	105	132	207	25	67	42	109	15	0	23	36	11	0	5	10	62	45	14	21	3	30	80	38	72	195	68	29	54	2	5	65	25	11	10	18	45	11	53	69	30	12	175	96	37	7	94	42	25	3	14	24	6	4	3	2	16	19	30	123	96	74	861	109	23	4	67	168	67	15	73	55	22	23	6	202	29	8	128	134	362	105	199	127	608	25	15	23	13	21	9	24	206	347	166	369	71	238	37	25	47	45	75	41	19	8	40	47	60	21	76	135
Com_Comamonas.	0	11	185	173	252	151	88	17	6	12	68	38	0	4	0	0	4	27	6	0	0	36	31	173	15	40	32	20	0	6	79	183	48	6	51	88	47	177	647	135	45	68	42	29	309	608	277	0	0	122	266	28	13	34	0	0	12	170	8	0	0	33	26	107	179	109	127	51	190	64	163	71	138	90	44	0	0	0	25	0	0	0	17	24	37	327	57	48	103	642	290	538	711	233	854	1393	0	4	408	1344	61	10	46	17	7	699	621	117	38	746	4	4	51	367	29	0	34	4	0	264	803	141	8	122	100	123	615	0	50	19	20	47	39	108	29	15	114	66	178	434	130	56	29	125	209	304	863	473	105	274	155	108	110	488	187	143	76	36	36	28	31	17	0	65	7	7	124	55	55	0	4	38	13	40	30	57	57	57	42	10	164	275	427	84	506	0	0	4	12	29	0	0	5	0	8	186	4	4	43	168	58	499	269	354	54	225	55	12	89	68	44	8	46	35	16	264	166	104	166	625	136	61	200	289	21	154	199	19	14	95	21	155	10	42	0	0	21	9	27	4	10	0	0	23	10	0	0	139	21	85	337	106	32	51	0	6	114	71	113	17	126
Mic_Rothia.	1527	477	30	7	53	77	20	48	76	4	2	0	9	3	29	26	0	0	0	9	6	235	119	64	72	78	73	51	304	315	0	0	0	24	7	22	127	8	6	4	80	31	131	24	8	21	8	198	469	28	2	12	44	66	18	25	0	9	0	0	4	38	113	11	0	9	25	12	6	11	22	15	8	8	0	441	685	7	27	18	65	16	277	301	142	95	87	144	139	150	149	2	2	0	18	6	1208	930	58	84	13	679	103	361	124	22	9	4	69	11	735	351	11	39	10	136	26	720	268	3	0	3	17	13	79	114	0	13	4	212	249	47	45	19	50	24	1932	888	775	43	435	998	258	70	132	43	12	7	71	19	346	40	3	19	4	30	12	45	109	15	42	28	23	32	331	153	72	279	73	73	18	126	162	7	4	17	37	28	1608	1662	53	462	23	143	46	78	179	21	7	4	38	9	343	80	3	9	0	14	10	270	107	31	100	40	25	12	511	332	21	28	22	14	34	1697	634	12	17	7	83	67	252	68	0	21	0	34	4	11	7	0	3	0	5	0	1211	382	0	203	5	60	19	34	76	8	0	26	10	42	50	12	5	27	28	26	1787	310	7	0	4	101	22
TM7_TM7.	4	0	391	473	175	4	32	160	55	959	996	673	146	544	47	50	426	1048	931	18	343	859	75	332	222	389	51	649	231	128	1680	1009	1202	201	1228	1534	242	972	942	1138	235	535	117	201	734	696	763	621	63	1408	1180	1288	34	397	1058	468	944	579	999	856	739	1898	83	1476	1568	1262	495	864	694	279	755	1239	945	635	1432	435	255	693	753	864	194	351	191	117	598	274	154	193	139	496	251	2014	1439	1734	934	1531	31	32	313	376	1120	91	38	224	51	593	545	1126	50	1226	331	161	2096	529	1684	166	698	142	34	209	343	884	19	50	1130	294	2659	220	385	1402	501	2092	1045	1074	920	1517	170	187	404	572	472	27	153	2703	1091	1996	726	2329	1956	1480	166	517	904	503	1852	681	1551	545	190	1169	243	452	550	661	80	69	709	198	476	62	887	765	226	2077	1679	1144	168	1586	0	0	269	84	330	0	76	103	24	269	820	693	33	185	484	43	929	1132	1489	128	1147	506	151	667	1046	414	195	389	479	296	987	1843	1110	110	610	68	18	715	714	1639	21	174	142	140	1603	586	1567	633	1207	504	505	1408	1164	1183	820	1125	1145	450	2091	3040	956	369	975	735	443	825	841	274	1001	345	227	1019	1699	1132	272	942	42	4	609	1487	776	23	144
Nei_Kingella.	70	129	58	42	223	245	29	7	28	5	25	21	59	24	286	99	16	33	15	26	30	99	54	154	98	53	75	28	194	101	3	36	4	4	0	51	176	89	95	39	233	141	400	221	34	46	102	10	3	16	30	24	4	15	46	525	31	80	7	230	148	183	65	27	111	47	54	18	118	114	347	11	11	92	80	68	66	17	18	50	312	103	682	472	186	167	210	356	127	448	263	11	82	34	145	49	243	173	46	128	32	63	53	34	105	0	42	0	224	6	56	182	134	593	58	582	891	393	345	117	241	107	211	91	0	4	13	0	0	6	9	5	11	9	5	3	102	123	37	66	74	59	91	37	65	14	14	12	29	19	236	226	12	62	29	113	37	115	58	52	148	76	16	7	237	182	100	248	163	204	61	81	125	15	29	28	61	24	118	95	29	54	77	69	37	73	119	19	42	14	350	73	459	362	254	115	50	127	48	157	127	48	253	46	36	80	32	22	21	38	35	24	10	108	89	31	193	51	83	21	57	33	6	42	51	28	9	37	34	0	13	3	37	57	66	33	0	54	13	11	7	41	35	56	12	25	7	54	11	28	33	64	20	6	180	144	8	5	6	71	5
Lac_Catonella.	10	5	33	9	35	22	56	38	16	17	17	33	22	43	9	5	11	18	11	3	7	11	4	6	5	10	4	9	16	15	19	42	38	13	26	13	7	24	6	17	15	20	11	11	20	28	28	10	8	16	18	26	3	8	8	9	10	4	11	6	12	11	9	9	5	16	11	16	18	18	23	19	28	31	32	13	12	6	6	12	2	10	10	24	21	11	8	25	16	16	21	30	27	30	29	27	5	3	11	6	24	0	10	11	11	11	30	20	20	12	31	42	57	43	38	65	51	25	13	11	12	8	8	13	26	31	28	14	46	18	17	27	9	17	16	10	0	0	5	3	5	2	4	8	14	8	4	8	7	14	4	15	6	3	8	16	18	12	11	19	16	9	4	10	2	22	8	3	9	5	11	22	10	8	13	8	11	10	0	0	32	2	10	2	8	8	11	23	40	14	6	12	6	3	10	18	11	16	4	3	6	8	0	4	4	11	8	19	13	13	5	15	15	4	2	13	12	21	5	13	13	6	22	11	36	31	29	33	39	48	24	49	42	59	19	19	11	4	26	12	27	22	30	16	40	21	28	5	2	6	4	5	4	15	0	2	11	20	5	12	18
Pro_Propionibacterium.	27	7	30	14	22	7	11	39	34	14	19	9	34	14	6	7	6	10	15	0	7	12	6	5	14	20	0	3	3	3	0	5	0	0	5	24	18	17	80	30	9	14	82	28	23	44	8	11	7	15	10	26	3	0	5	4	4	16	0	7	4	4	4	5	7	5	8	7	9	20	15	16	11	8	6	27	19	11	52	9	15	18	22	29	14	30	18	32	9	51	22	6	12	7	19	22	7	4	9	29	3	4	5	8	9	26	23	32	9	6	18	10	5	13	5	3	0	3	0	4	8	4	0	0	44	5	8	0	0	6	7	16	29	16	10	10	144	69	17	124	25	25	16	10	45	23	153	24	23	19	10	5	5	15	0	5	2	48	34	35	19	40	20	92	6	9	4	13	18	0	4	7	7	4	0	5	0	4	9	7	3	17	7	0	3	4	4	9	5	3	0	0	13	5	0	17	9	4	4	8	8	20	22	5	3	11	34	32	6	26	6	3	13	7	4	0	7	7	4	3	13	8	13	13	19	11	13	14	16	5	4	0	12	4	10	4	11	8	28	4	14	0	3	8	3	7	3	8	6	6	4	6	3	0	9	11	10	8	4	6	9
Rum_Ruminococcaceae_Group.	0	0	7	33	12	0	3	19	5	231	114	359	37	122	0	2	62	83	129	0	9	4	0	4	0	12	0	5	0	2	66	125	88	37	23	51	5	92	105	86	18	32	13	17	202	43	189	44	16	54	48	211	12	45	0	0	2	34	3	0	4	25	4	236	160	234	78	148	122	74	74	114	107	106	100	0	0	89	45	104	0	35	0	0	2	7	0	0	0	14	16	108	106	49	62	48	0	0	51	16	144	3	22	0	2	90	33	97	39	44	6	7	88	183	80	9	33	0	0	137	78	87	13	21	2	6	94	34	153	38	8	26	62	46	10	44	0	0	27	16	2	0	15	70	54	110	304	380	116	153	0	21	147	47	31	46	45	6	7	19	23	58	2	4	0	0	22	2	45	0	20	11	3	99	140	35	8	50	0	0	41	7	57	0	38	20	2	26	91	124	5	47	5	0	7	88	22	21	19	42	6	20	9	34	55	92	12	36	124	84	6	5	36	0	0	54	51	185	4	33	8	7	152	76	118	26	119	19	25	105	26	255	22	101	0	0	164	12	24	8	83	94	13	47	105	18	102	17	14	31	41	35	14	41	0	0	24	49	59	20	33
Str_Streptococcaceae_Group.	44	25	7	3	3	6	8	11	11	0	0	0	4	3	35	11	0	0	0	6	7	1	8	1	5	2	4	2	7	10	0	5	0	2	5	7	13	17	8	3	23	20	4	0	0	0	0	9	3	2	0	1	3	2	0	0	0	0	0	0	0	18	61	4	0	3	35	22	8	33	7	2	4	16	6	16	7	9	1	5	5	2	91	65	14	19	26	41	45	19	1	1	3	0	13	3	0	0	0	0	0	0	1	44	7	5	2	8	14	17	3	0	0	0	0	0	0	56	31	4	4	6	28	21	24	50	0	14	44	6	10	13	0	6	10	9	67	58	21	11	15	59	33	2	5	2	4	1	2	2	9	3	1	0	0	3	1	0	0	2	6	1	3	10	183	43	11	48	25	55	29	1	0	0	1	0	0	0	46	19	15	9	2	16	16	150	269	148	1	4	314	92	200	58	39	17	11	47	29	2	1	1	0	0	0	0	43	58	11	76	142	85	85	23	20	4	4	2	13	21	31	13	0	0	0	9	2	10	2	0	1	0	6	8	281	177	9	79	60	176	67	0	0	0	0	0	0	38	4	17	10	12	36	14	0	0	2	0	0	0	1
SR1_SR1.	0	0	0	81	0	0	0	29	15	140	86	117	71	195	0	0	4	25	0	0	0	0	0	16	4	10	0	0	45	6	81	173	215	43	37	11	0	4	13	41	0	4	0	6	37	4	65	58	27	64	73	65	0	13	0	0	0	57	0	0	0	25	6	85	26	92	16	31	55	130	113	76	19	94	137	0	0	4	23	4	0	6	74	22	41	61	8	11	12	27	132	330	205	226	136	420	0	0	65	39	75	4	8	36	4	30	56	29	60	48	0	8	113	80	52	12	143	0	0	97	21	88	4	20	11	4	61	32	60	9	10	20	16	17	6	6	0	0	36	4	14	0	4	27	34	74	13	150	44	117	27	37	81	26	110	9	15	34	12	12	68	66	38	10	0	4	40	0	12	0	8	4	0	12	15	40	10	9	0	0	17	0	18	0	0	12	6	9	52	42	35	30	33	0	0	45	6	0	0	11	0	42	6	12	44	121	12	4	62	14	0	31	48	6	0	103	35	124	24	20	9	11	74	51	192	7	50	33	10	260	49	208	32	0	4	0	73	0	0	0	20	4	6	43	53	47	43	4	0	10	18	13	0	9	14	6	235	153	161	8	182
Cor_Atopobium.	0	0	8	8	0	0	17	0	0	12	22	97	0	29	17	12	35	47	104	8	58	12	9	0	0	0	0	18	55	46	16	24	40	0	12	52	16	16	139	62	0	8	0	0	12	15	18	17	0	100	40	103	0	13	20	0	125	23	124	29	24	50	0	74	29	88	32	31	19	12	42	270	106	23	56	29	0	71	43	45	49	53	61	28	0	28	8	8	8	0	0	162	24	291	18	20	12	13	35	53	28	16	8	46	44	231	59	257	38	110	0	0	7	11	19	0	8	0	0	0	45	0	0	0	0	0	57	0	0	45	16	73	68	49	85	42	0	0	0	15	0	0	0	0	0	19	0	28	11	0	0	0	31	15	28	0	11	8	0	0	0	0	0	0	30	9	32	21	37	0	20	12	0	14	11	8	0	0	0	0	0	0	8	0	0	0	0	9	40	29	0	9	0	0	0	7	77	0	12	0	0	0	0	0	0	0	0	0	8	11	7	0	8	16	0	7	43	47	0	0	19	0	53	142	71	11	27	8	8	36	30	28	37	15	8	34	98	49	38	58	24	51	17	8	24	8	57	0	0	0	0	0	0	9	8	0	0	12	0	0	0
Myc_Mycoplasma.	43	6	24	134	0	8	32	17	25	24	95	14	9	25	0	0	0	0	4	0	0	0	0	0	0	0	0	0	0	4	0	8	0	0	0	4	0	4	7	6	0	0	0	0	4	0	0	6	0	8	62	8	0	0	177	84	135	475	276	147	244	0	0	0	0	0	0	0	10	0	8	5	0	0	7	0	0	0	16	0	0	0	34	24	27	14	14	6	12	0	0	5	7	9	4	3	0	0	0	0	0	0	0	13	4	0	30	0	4	5	16	0	4	4	0	0	0	0	0	0	0	0	0	0	0	4	7	0	0	6	10	9	16	15	8	10	0	0	0	4	0	0	0	0	0	0	0	0	0	0	4	0	31	7	11	13	35	0	0	0	6	0	0	6	0	0	0	0	0	0	0	12	0	4	6	4	0	4	0	0	0	0	0	0	0	0	0	0	12	4	0	4	0	0	0	4	0	0	0	0	0	0	0	0	0	0	0	0	0	0	0	0	0	0	4	0	18	5	0	0	0	0	0	0	4	0	0	10	0	12	6	14	0	0	0	0	0	0	6	0	0	4	0	16	8	0	6	0	0	0	0	0	0	0	0	0	0	0	0	0	0
Det_TG5.	11	0	15	49	0	8	7	66	37	18	55	15	10	15	0	0	0	13	18	0	0	0	0	0	0	0	0	0	6	3	0	11	8	0	0	10	4	4	8	18	3	0	0	0	0	97	2	3	6	9	112	20	0	0	11	10	8	65	19	4	7	8	0	0	45	8	0	0	9	5	15	92	9	3	5	0	0	0	70	0	0	0	56	38	43	25	28	14	28	10	2	19	45	53	7	16	0	0	0	44	0	0	0	31	9	24	74	8	4	6	8	0	2	5	4	0	0	0	0	0	13	0	0	0	3	5	63	0	0	9	4	13	33	19	6	8	0	0	0	0	0	0	0	0	5	2	2	0	3	0	37	41	58	165	46	14	22	0	7	8	9	4	0	18	0	0	5	0	0	0	0	45	6	2	4	5	3	0	0	0	0	0	0	0	0	0	0	3	21	0	0	3	0	0	0	7	0	0	0	0	0	0	0	0	0	0	0	14	6	13	0	0	5	0	0	0	10	2	0	0	0	0	16	18	19	0	0	8	4	3	10	14	3	4	8	0	0	0	0	0	0	16	7	34	40	7	14	0	0	0	19	0	0	0	0	4	0	0	0	0	0
Mor_Moraxella.	0	0	0	0	0	0	0	13	297	6	0	51	343	433	0	0	0	5	0	0	0	0	0	0	0	52	0	0	0	6	299	11	445	2064	368	0	0	0	0	0	0	0	0	45	94	0	14	0	0	0	0	0	0	0	0	0	0	0	0	0	0	0	3	35	0	4	14	38	0	2	0	0	0	0	0	0	0	0	0	0	0	0	0	0	0	0	0	0	0	0	62	7	3	0	103	134	0	0	0	0	0	0	0	0	111	4	107	9	1015	67	0	0	14	0	26	0	0	32	368	433	0	230	1419	1330	2	368	7	778	351	0	0	0	0	0	0	0	0	0	0	0	0	0	0	0	0	0	0	0	0	0	356	399	0	0	0	23	0	0	0	0	0	0	0	0	2	0	0	0	0	8	2	0	0	0	0	0	0	0	0	0	0	0	0	0	0	0	0	37	0	24	86	648	0	0	0	0	0	0	0	0	0	0	0	0	0	0	0	95	35	6	3	1334	87	0	0	400	0	99	0	0	0	0	0	0	17	0	0	0	39	97	187	89	2	0	0	0	0	0	0	0	0	0	0	4	0	633	0	0	0	0	0	0	0	0	0	0	0	0	0	0	0
